,player,pts_won,net_pts,net_efficiency
0,Garbine Muguruza,29,37,78.37837837837837
1,Iga Swiatek,51,70,72.85714285714285
2,Danielle Collins,16,22,72.72727272727273
3,Shuai Zhang,16,22,72.72727272727273
4,Serena Williams,55,78,70.51282051282051
5,Moyuka Uchijima,42,63,66.66666666666666
6,Caroline Garcia,37,56,66.07142857142857
7,Bianca Andreescu,38,58,65.51724137931035
8,Victoria Azarenka,19,29,65.51724137931035
9,Ons Jabeur,21,33,63.63636363636363
10,Coco Gauff,17,27,62.96296296296296
