,player,passed_at_net,net_pts,passing_shot
0,Caroline Wozniacki,6,38,15.789473684210526
1,Naomi Osaka,10,65,15.384615384615385
2,Simona Halep,6,40,15.0
3,Petra Martic,5,38,13.157894736842104
4,Kiki Bertens,7,64,10.9375
5,Petra Kvitova,6,63,9.523809523809524
6,Maria Sakkari,3,39,7.6923076923076925
7,Serena Williams,2,49,4.081632653061225
8,Bianca Andreescu,2,68,2.941176470588235
9,Jil Teichmann,1,42,2.380952380952381
