,player,pts_won,net_pts,net_efficiency
0,Kiki Bertens,19,23,82.6086956521739
1,Justine Henin,23,31,74.19354838709677
2,Kristina Mladenovic,19,26,73.07692307692307
3,Coco Gauff,16,22,72.72727272727273
4,Garbine Muguruza,37,53,69.81132075471697
5,Petra Martic,18,26,69.23076923076923
6,Monica Seles,20,29,68.96551724137932
7,Elena Rybakina,13,24,54.166666666666664
8,Johanna Konta,15,28,53.57142857142857
9,Petra Kvitova,20,41,48.78048780487805
