,player,passed_at_net,net_pts,passing_shot
0,Emma Raducanu,9,43,20.930232558139537
1,Iga Swiatek,5,26,19.230769230769234
2,Madison Keys,3,25,12.0
3,Elena Rybakina,8,73,10.95890410958904
4,Anna Kalinskaya,3,32,9.375
5,Jasmine Paolini,12,145,8.275862068965518
6,Barbora Krejcikova,2,29,6.896551724137931
7,Lulu Sun,3,49,6.122448979591836
8,Bianca Andreescu,2,52,3.8461538461538463
9,Donna Vekic,1,34,2.941176470588235
