,player,passed_at_net,net_pts,passing_shot
0,Elina Svitolina,8,39,20.51282051282051
1,Maria Sakkari,10,56,17.857142857142858
2,Karolina Muchova,8,49,16.3265306122449
3,Leylah Fernandez,10,62,16.129032258064516
4,Karolina Pliskova,3,20,15.0
5,Bianca Andreescu,12,88,13.636363636363635
6,Viktorija Golubic,3,22,13.636363636363635
7,Emma Raducanu,2,17,11.76470588235294
8,Garbine Muguruza,4,38,10.526315789473683
9,Sara Sorribes Tormo,2,31,6.451612903225806
