,player,pts_won,net_pts,net_efficiency
0,Madison Keys,24,32,75.0
1,Caroline Wozniacki,25,35,71.42857142857143
2,Maria Sakkari,19,27,70.37037037037037
3,Laura Siegemund,15,22,68.18181818181817
4,Belinda Bencic,12,18,66.66666666666666
5,Jelena Ostapenko,14,21,66.66666666666666
6,Ashleigh Barty,15,24,62.5
7,Jessica Pegula,28,47,59.57446808510638
8,Katie Volynets,11,19,57.89473684210527
9,Kiki Bertens,12,24,50.0
