,player,passed_at_net,net_pts,passing_shot
0,Miomir Kecmanovic,8,38,21.052631578947366
1,Jannik Sinner,11,62,17.741935483870968
2,Roberto Bautista Agut,4,23,17.391304347826086
3,Nick Kyrgios,4,25,16.0
4,Daniil Medvedev,6,54,11.11111111111111
5,Jenson Brooksby,4,39,10.256410256410255
6,Hubert Hurkacz,10,107,9.345794392523365
7,Casper Ruud,3,41,7.317073170731707
8,Kevin Anderson,2,30,6.666666666666667
9,Carlos Alcaraz,4,81,4.938271604938271
10,Arthur Rinderknech,1,23,4.3478260869565215
