,player,pts_won,net_pts,net_efficiency
0,Caroline Wozniacki,25,32,78.125
1,Martina Trevisan,32,45,71.11111111111111
2,Coco Gauff,62,92,67.3913043478261
3,Karolina Muchova,55,82,67.07317073170732
4,Petra Kvitova,18,27,66.66666666666666
5,Laura Siegemund,38,58,65.51724137931035
6,Sorana Cirstea,26,43,60.46511627906976
7,Taylor Townsend,24,41,58.536585365853654
8,Madison Keys,26,46,56.52173913043478
9,Jennifer Brady,18,34,52.94117647058824
