,player,pts_won,net_pts,net_efficiency
0,Naomi Osaka,60,82,73.17073170731707
1,Caroline Wozniacki,138,192,71.875
2,Petra Martic,47,68,69.11764705882352
3,Ashleigh Barty,62,90,68.88888888888889
4,Kiki Bertens,61,89,68.53932584269663
5,Venus Williams,114,167,68.26347305389223
6,Garbine Muguruza,49,72,68.05555555555556
7,Serena Williams,53,80,66.25
8,Daria Kasatkina,86,132,65.15151515151516
9,Angelique Kerber,33,60,55.00000000000001
