,player,passed_at_net,net_pts,passing_shot
0,Agnieszka Radwanska,13,46,28.26086956521739
1,Elina Svitolina,3,14,21.428571428571427
2,Petra Martic,4,23,17.391304347826086
3,Alison Riske Amritraj,2,14,14.285714285714285
4,Bernarda Pera,3,21,14.285714285714285
5,Caroline Wozniacki,3,24,12.5
6,Petra Kvitova,5,40,12.5
7,Svetlana Kuznetsova,2,18,11.11111111111111
8,Garbine Muguruza,4,40,10.0
9,Eugenie Bouchard,1,15,6.666666666666667
