,player,pts_won,net_pts,net_efficiency
0,Maria Sharapova,97,123,78.86178861788618
1,Petra Kvitova,107,146,73.28767123287672
2,Serena Williams,89,122,72.95081967213115
3,Angelique Kerber,64,89,71.91011235955057
4,Agnieszka Radwanska,68,95,71.57894736842105
5,Eugenie Bouchard,99,140,70.71428571428572
6,Ana Ivanovic,132,187,70.58823529411765
7,Garbine Muguruza,108,155,69.6774193548387
8,Caroline Wozniacki,100,152,65.78947368421053
9,Alize Cornet,52,104,50.0
