,player,passed_at_net,net_pts,passing_shot
0,Shuai Zhang,4,22,18.181818181818183
1,Bianca Andreescu,7,58,12.068965517241379
2,Victoria Azarenka,3,29,10.344827586206897
3,Serena Williams,8,78,10.256410256410255
4,Danielle Collins,2,22,9.090909090909092
5,Ons Jabeur,3,33,9.090909090909092
6,Caroline Garcia,5,56,8.928571428571429
7,Moyuka Uchijima,5,63,7.936507936507936
8,Coco Gauff,2,27,7.4074074074074066
9,Iga Swiatek,4,70,5.714285714285714
10,Garbine Muguruza,2,37,5.405405405405405
