{
  "global": {
    "overall": [
      {
        "name": "Roger Federer",
        "img": "images/federer.png",
        "scores": {
          "slam_win_ratio": 0.8457071035881141,
          "slam_titles_ratio": 0.2631578947368421,
          "fifth_set_ratio": 0.7055726437305384,
          "weeks_at_no1": 0.3107287449392713,
          "general_win_ratio": 0.8259720434885487
        }
      },
      {
        "name": "Rafael Nadal",
        "img": "images/nadal.png",
        "scores": {
          "slam_win_ratio": 0.7988157206697228,
          "slam_titles_ratio": 0.27941176470588236,
          "fifth_set_ratio": 0.7452380952380953,
          "weeks_at_no1": 0.21493212669683256,
          "general_win_ratio": 0.8007419914050989
        }
      },
      {
        "name": "Novak Djokovic",
        "img": "images/djokovic.png",
        "scores": {
          "slam_win_ratio": 0.7319618938883813,
          "slam_titles_ratio": 0.21875,
          "fifth_set_ratio": 0.6712729978354979,
          "weeks_at_no1": 0.29447115384615385,
          "general_win_ratio": 0.7299875149929826
        }
      }
    ]
  }
}