,player,passed_at_net,net_pts,passing_shot
0,Tatjana Maria,10,40,25.0
1,Petra Martic,10,44,22.727272727272727
2,Johanna Konta,8,40,20.0
3,Kiki Bertens,7,58,12.068965517241379
4,Caroline Wozniacki,10,86,11.627906976744185
5,Venus Williams,13,134,9.701492537313433
6,Garbine Muguruza,4,46,8.695652173913043
7,Daria Kasatkina,6,73,8.21917808219178
8,Serena Williams,5,64,7.8125
9,Bianca Andreescu,1,40,2.5
