,player,passed_at_net,net_pts,passing_shot
0,Alize Cornet,25,104,24.03846153846154
1,Caroline Wozniacki,24,152,15.789473684210526
2,Angelique Kerber,11,89,12.359550561797752
3,Eugenie Bouchard,17,140,12.142857142857142
4,Ana Ivanovic,20,187,10.695187165775401
5,Agnieszka Radwanska,9,95,9.473684210526317
6,Garbine Muguruza,13,155,8.38709677419355
7,Maria Sharapova,9,123,7.317073170731707
8,Petra Kvitova,9,146,6.164383561643835
9,Serena Williams,5,122,4.098360655737705
