,player,pts_won,net_pts,net_efficiency
0,Kiki Bertens,14,15,93.33333333333333
1,Serena Williams,17,20,85.0
2,Bianca Andreescu,121,169,71.59763313609467
3,Eugenie Bouchard,10,16,62.5
4,Elina Svitolina,8,13,61.53846153846154
5,Karolina Pliskova,14,24,58.333333333333336
6,Elena Rybakina,8,17,47.05882352941176
7,Coco Gauff,6,13,46.15384615384615
8,Caroline Wozniacki,11,24,45.83333333333333
9,Jessica Pegula,6,14,42.857142857142854
