,player,pts_won,net_pts,net_efficiency
0,Iga Swiatek,266,345,77.10144927536233
1,Bianca Andreescu,224,300,74.66666666666667
2,Aryna Sabalenka,125,169,73.96449704142012
3,Qinwen Zheng,133,181,73.48066298342542
4,Jasmine Paolini,217,297,73.06397306397307
5,Marta Kostyuk,130,181,71.8232044198895
6,Danielle Collins,141,203,69.45812807881774
7,Coco Gauff,176,260,67.6923076923077
8,Elena Rybakina,199,303,65.67656765676567
9,Jessica Pegula,155,270,57.407407407407405
