,player,pts_won,net_pts,net_efficiency
0,Agnieszka Radwanska,52,70,74.28571428571429
1,Bianca Andreescu,94,131,71.7557251908397
2,Caroline Wozniacki,53,76,69.73684210526315
3,Elena Rybakina,39,58,67.24137931034483
4,Marta Kostyuk,58,89,65.1685393258427
5,Venus Williams,81,127,63.77952755905512
6,Coco Gauff,56,88,63.63636363636363
7,Petra Kvitova,41,66,62.121212121212125
8,Eugenie Bouchard,52,87,59.77011494252874
9,Elina Svitolina,75,129,58.139534883720934
