,player,passed_at_net,net_pts,passing_shot
0,Monica Niculescu,7,32,21.875
1,Alize Cornet,4,23,17.391304347826086
2,Kirsten Flipkens,4,25,16.0
3,Coco Gauff,3,23,13.043478260869565
4,Garbine Muguruza,7,69,10.144927536231885
5,Karolina Muchova,7,69,10.144927536231885
6,Kiki Bertens,3,43,6.976744186046512
7,Kateryna Bondarenko,2,32,6.25
8,Camila Giorgi,1,23,4.3478260869565215
9,Ons Jabeur,1,29,3.4482758620689653
10,Svetlana Kuznetsova,0,26,0.0
