,player,pts_won,net_pts,net_efficiency
0,Serena Williams,71,84,84.52380952380952
1,Eugenie Bouchard,37,47,78.72340425531915
2,Victoria Azarenka,30,39,76.92307692307693
3,Agnieszka Radwanska,90,125,72.0
4,Kristina Mladenovic,80,115,69.56521739130434
5,Caroline Wozniacki,25,39,64.1025641025641
6,Karolina Pliskova,28,44,63.63636363636363
7,Petra Kvitova,46,74,62.16216216216216
8,Svetlana Kuznetsova,38,63,60.317460317460316
9,Venus Williams,19,42,45.23809523809524
