,player,pts_won,net_pts,net_efficiency
0,Lleyton Hewitt,142,195,72.82051282051282
1,Juan Carlos Ferrero,37,51,72.54901960784314
2,Roger Federer,200,293,68.25938566552901
3,Ivan Lendl,30,46,65.21739130434783
4,Gaston Gaudio,28,43,65.11627906976744
5,Andre Agassi,50,77,64.93506493506493
6,Carlos Moya,34,53,64.15094339622641
7,Marat Safin,32,53,60.37735849056604
8,Boris Becker,41,69,59.42028985507246
9,Andy Roddick,28,56,50.0
