,player,pts_won,net_pts,net_efficiency
0,Jil Teichmann,35,42,83.33333333333334
1,Jessica Pegula,29,36,80.55555555555556
2,Serena Williams,38,49,77.55102040816327
3,Bianca Andreescu,50,68,73.52941176470588
4,Maria Sakkari,27,39,69.23076923076923
5,Simona Halep,26,40,65.0
6,Petra Kvitova,36,56,64.28571428571429
7,Kiki Bertens,41,64,64.0625
8,Naomi Osaka,41,65,63.07692307692307
9,Caroline Wozniacki,23,38,60.526315789473685
